id,username,fullname,is_private
7719696,arianagrande,Ariana Grande,False
325734299,mileycyrus,Miley Cyrus,False
241017576,klinhnd,Khanh Linh,False
178121872,adn.ngn,aiden ngn,False
780282202,patarasiri,,False
50767348250,mi.interieur,MichÃ¨le | Interieur,False
252852996,huoggiangggg,ğğ†ğ”ğ˜ğ„Ì‚Ìƒğ ğ‡ğ”Ì›ğÌ›ğğ† ğ†ğˆğ€ğğ†,False
2276489908,hughle,Hugh Le,False
8359021024,hoangtonnnn,Nguyá»…n HoÃ ng TÃ´n,False
50655982475,elite.mindsets,Inspirationãƒ»Motivationãƒ»Mindset,False
204542440,vanhaphuonguyen,Van Ha Phuong Uyen,True
63958894088,jann_vintage,JANN Vintage ğŸ“¦,False
3224649670,_mehmetbuse,Mehmet can Ã„Â°lter,False
1497834935,xeesoxee,Ã¡â€â€™Ã¡â€¦Â¡Ã¡â€ Â«Ã¡â€â€°Ã¡â€¦Â©Ã¡â€â€™Ã¡â€¦Â´,False
264299538,minminmin0712,MIN,False
62195157353,dovotrioday,Ã„Ã¡Â»â€œ vÃƒÂ´ tri Ã¡Â»Å¸ Ã„â€˜ÃƒÂ¢y,False
186541074,viviennewestwood,Vivienne Westwood,False
24555975,natasha.vujic,N A T A S H A  V U J I C,False
1548871014,singerdongnhi,Ã„oÃŒâ€šng Nhi,False
25377036,thienminh1990,Thien Minh,False
1522602630,huyenbaby89,Ã„Ã¡ÂºÂ·ng NgÃ¡Â»c HuyÃ¡Â»n,False
24392892,diemmyvu,Diem My,False
63228641162,wiseon_e,Growth Mindset,False
246548062,________jibeos,jibeos,False
60810583659,big.billion.rule,FEEL THE POWER OF YOUR MIND,False
59293897219,visualhustles,Visuals | Mindset | Discipline,False
3157561118,lala.bakery,TieÃŒÂ£ÃŒâ€šm BaÃŒnh Lala,False
1704482401,kiengcan_pl,KIENGCAN,False
13460080,nike,Nike,False
20269764,adidas,adidas,False
11463786071,firstprincipled,First Principles,False
2239386629,__quoc.truong__,NguyÃ¡Â»â€¦n QuÃ¡Â»â€˜c TrÃ†Â°Ã¡Â»ng,False
3663096282,nhat8ien,NhÃ¡ÂºÂ­t ThiÃ¡Â»â€¡n,False
6943362259,kissenglishcenter,KISS English,False
16233492,yentrangnguyen_,Yen Trang,False
59793585159,khy,khy,False
21603600224,havrestudio,Havre Studio,False
37756688755,arakii.official,A R A K I I,False
7538718123,tuyethong8827,Tuyet Hong,False
3939051361,lequyensinger,Lá»‡ QuyÃªn,False
57065811786,all.about.movements,Move - er,False
3290993220,satsuki_kitani_821,é¢¯å¸Œ(SATSUKI)ğŸ,False
1922722709,enlightennedsoul,Ajit Mehrat,False
23374950305,mainlyentrepreneur,Self Improvement | Business,False
23151782,hungvanngo,Hung Vanngo,False
59595217497,pathsofstoicism,Paths of Stoicism,False
2085849018,ronbui_,Ron Bui,False
49636763740,huutri.nguyenn,Nguyá»…n Há»¯u TrÃ­,False
3105184290,justxi1405,Xi Quan LÃƒÂª,False
7014537296,hhennie.official,NiÃƒÂª H'Hen,False
5993521357,2.abnormal,Ã¯Â¼â€™Ã¡Â´â‚¬ ÃŠâ„¢ Ã‰Â´ Ã¡Â´ ÃŠâ‚¬ Ã¡Â´ Ã¡Â´â‚¬ ÃŠÅ¸,False
4024922759,lily_do889,Lily Do,True
23877662,ngocthanhtam_n,Ngoc Thanh Tam Nguyen,False
49729311620,studywithmia.english,HÃ¡Â»c TiÃ¡ÂºÂ¿ng Anh Mia Mia,False
1350666371,trucnhan.3011,TruÃŒc NhaÃŒâ€šn,False
2959535104,ngokienhuy_bap,Ngo Kien Huy,False
259891444,ha.sally,NguyÃ¡Â»â€¦n Thu HÃƒÂ ,True
949179360,_chieuphi_,PHI,False
3419754860,tao.the.megalomaniac,TaÃŒo,False
201057170,ninh.duong.lan.ngoc,Ninh DuÃŒâ€ºoÃŒâ€ºng Lan NgoÃŒÂ£c,False
2957299804,laura._.lovee,lauralove5514,False
20318350185,healthykelsii,Kelsi Boocock,False
4099636468,littlekalegirl,Dagmara Anna Leniartek,False
11390587298,twin_coast,Ashley and Taylor Johnston,False
53521341668,petitedelicates,Petite Delicates,False
1913761740,nz_minh,NguyÃ¡Â»â€¦n Za Minh,False
1527356598,lilwuyn95g,Wuyn,False
57463168370,baoanhcloset,BaoAnhÃ¢â‚¬â„¢scloset,False
11015181,danixmichelle,Dani Michelle,False
53556363714,haircut090,HAIRCUT090,False
54883320841,lefton_us,Lefton,False
8560756080,studiobydrew,DREW'S ARTROOM THÃ¡ÂºÂ¢M TRÃ¡ÂºÂ¢I SÃƒâ‚¬N - NÃ¡Â»ËœI THÃ¡ÂºÂ¤T,False
55475845327,buythegadgets,Buy The Gadgets,False
1447964379,mytam_singer,My Tam,False
50543458982,growyourself.ig,GROW YOURSELF,False
41378569826,experyments,experyments,False
50968372990,style_by_dn,HasnağŸ ,False
7535508891,outfits.blg,FASHION | OUTFITS | STYLES,False
7896687134,stylebyutopia,UTOPIA,False
45320924699,stylebyfel,Style By Fel,False
4933013489,___efff,Efff,False
3302254457,ebdenim,EB Denim,False
11583231212,stylingbytal,Taline Guzelian | wardrobe stylist,False
22463189,vmhuong,VaÌ†n Mai HuÌ›oÌ›ng,False
263878608,eslkate,ESLKate âœ¨,False
7089451090,mirrorpalais,Mirror Palais,False
51796709139,chuyencuaviet,ğ—–ğ—µğ˜‚ğ˜†ğ—²ğ—»ğ—°ğ˜‚ğ—®ğ˜ƒğ—¶ğ—²ğ˜ ğŸ³,False
457595618,pearla.consignment,PEARLA,False
39145758570,mattloveshair,Matt Newman,False
29669429,xoobruna,Bruna Lima,False
52861265,toctien1305,TOC TIEN,False
53257745353,judyyoo17,Judy Yoo,False
7937587267,the_vintage_tiffany,The Vintage Tiffany,False
29951370,chipupu,Chi Pu,False
7140177628,jennierubyjane,J,False
3643535695,nastyaolzhabaeva,A N A S T A S I A â˜½ Ğ½ĞµĞ·ĞµĞ¼Ğ½Ğ°Ñ Ğ´ÑƒÑˆĞ°,False
12246775,britneyspears,XILA MARIA RIVER RED,False
10827920868,kimkassascouture,Kim Kassas Couture,False
1930950205,ansapsaigon,oÌ‚ng SAÌ£Ì‚P â¤ï¸,False
46487825292,carra.nostalgia,STYLIST,False
4524622654,dangquan.2106,Nguyá»…n ÄÄƒng QuÃ¢n,False
8043379066,noir__e__blanc,Noir et Blanc.,False
51307689511,styledbyox,styledbyox,False
230120831,giorgos_kazakis,Georgios Kazakis,False
367126931,paristien,PARIS TIEN,False
9660795,garageclothing,,False
4213475539,tankairstudio,Tank Air ğ‘ à¹à¸—à¸‡à¸„à¹Œà¹à¸­à¸£à¹Œ,False
52782594631,styledbyurbancherry,Styled by Urban Cherry ğŸ’,False
9056309477,styledbyraphaella,êœ±á´›ÊÊŸá´‡á´… Ê™Ê Ê€á´€á´˜Êœá´€á´‡ÊŸÊŸá´€,False
51506848029,mymanvietnam.official,MYMAN by BA:CARE,False
40263655801,petbuddysaigon,PetBuddy Saigon,False
482996765,knwlslondon,KNWLS,False
1473841513,rufu.nguyen__,Rufu Nguyen ğŸŒŸ,False
4772745191,huelleyrose,Huelley Rose,False
15414906091,karb_____,KÎ»Î“Î²,False
51441202048,sultryvirgin.official,SVRGN,False
21881264693,whoismero,[ğ— ğ—˜ğ—¥ğ—ªğ—”ğ—¡],False
28456412737,ecarlatte.noir,Äá»“ng Há»“ - Báº­t Lá»­a Vintage,False
228873880,chrissy_chou,chrissy_chou,False
293710075,c2low,Nguyá»…n CÆ°á»ng Coollow,False
3409596482,poppinghitman.bmp,Nam Sugar,False
3561341515,sonicboom.tlb.fs,Nguyá»…n Há»¯u,False
2897931953,hc_mas,HC Mas,False
178937426,tfstar,TÃ¹ng PhÆ°Æ¡ng VÅ©,False
1543338813,dogpound,DOGPOUND,False
5435687123,jinjinsweeties,JinJin Sweeties âœ¨ğŸ²,False
190710124,kazaneee_,KAZANE,False
25284728,namphung.ig,Nam PhÃ¹ng,False
1607372732,hairwrapbyhanguyen,Chá»‹ Tháº¯t TÃ³c,False
11155174865,sur8ery,SURGERY,False
40955896743,englisheveryday.ig,English Everyday,False
15445567397,damvinhhung0210,Dam Vinh Hung,False
